{"cameraMode":{"drawMode":0,"name":"Shaded","section":"Shading Mode"},"sceneLighting":false,"audioPlay":false,"sceneViewState":{"m_AlwaysRefresh":false,"showFog":true,"showSkybox":true,"showFlares":true,"showImageEffects":true,"showParticleSystems":true,"showVisualEffectGraphs":true,"m_FxEnabled":false},"in2DMode":false,"pivot":{"x":-28.015649795532228,"y":-2.9949731826782228,"z":-35.766971588134769},"rotation":{"x":-0.24793195724487306,"y":-0.044723302125930789,"z":0.011610770598053933,"w":-0.9677404165267944},"size":3.0648562908172609,"orthographic":true}